timestamp,equity,cash,positions,total_notional,drawdown
2026-01-14 08:00:00+00:00,100000.0,100000.0,0,0.0,0.0
2026-01-14 12:00:00+00:00,100000.0,100000.0,0,0.0,0.0
2026-01-14 16:00:00+00:00,100000.0,100000.0,0,0.0,0.0
2026-01-14 20:00:00+00:00,100000.0,100000.0,0,0.0,0.0
2026-01-15 00:00:00+00:00,100000.0,100000.0,0,0.0,0.0
2026-01-15 04:00:00+00:00,100000.0,100000.0,0,0.0,0.0
2026-01-15 08:00:00+00:00,100000.0,100000.0,0,0.0,0.0
2026-01-15 12:00:00+00:00,100000.0,100000.0,0,0.0,0.0
2026-01-15 16:00:00+00:00,100000.0,100000.0,0,0.0,0.0
2026-01-15 20:00:00+00:00,100000.0,100000.0,0,0.0,0.0
2026-01-16 00:00:00+00:00,100000.0,100000.0,0,0.0,0.0
2026-01-16 04:00:00+00:00,100000.0,100000.0,0,0.0,0.0
2026-01-16 08:00:00+00:00,100000.0,100000.0,0,0.0,0.0
2026-01-16 12:00:00+00:00,100000.0,100000.0,0,0.0,0.0
2026-01-16 16:00:00+00:00,100000.0,100000.0,0,0.0,0.0
2026-01-16 20:00:00+00:00,100000.0,100000.0,0,0.0,0.0
2026-01-17 00:00:00+00:00,100000.0,100000.0,0,0.0,0.0
2026-01-17 04:00:00+00:00,100000.0,100000.0,0,0.0,0.0
2026-01-17 08:00:00+00:00,100000.0,100000.0,0,0.0,0.0
2026-01-17 12:00:00+00:00,100000.0,100000.0,0,0.0,0.0
2026-01-17 16:00:00+00:00,100000.0,100000.0,0,0.0,0.0
2026-01-17 17:00:00+00:00,100000.0,100000.0,0,0.0,0.0
2026-01-17 18:00:00+00:00,100000.0,100000.0,0,0.0,0.0
2026-01-17 19:00:00+00:00,100000.0,100000.0,0,0.0,0.0
2026-01-17 20:00:00+00:00,100000.0,100000.0,0,0.0,0.0
2026-01-17 21:00:00+00:00,100000.0,100000.0,0,0.0,0.0
2026-01-17 22:00:00+00:00,100000.0,100000.0,0,0.0,0.0
2026-01-17 23:00:00+00:00,100000.0,100000.0,0,0.0,0.0
2026-01-18 00:00:00+00:00,99974.5,100000.0,1,15000.0,0.000255
2026-01-18 01:00:00+00:00,99974.5,100000.0,1,15000.0,0.000255
2026-01-18 02:00:00+00:00,99974.5,100000.0,1,15000.0,0.000255
2026-01-18 03:00:00+00:00,99974.5,100000.0,1,15000.0,0.000255
2026-01-18 04:00:00+00:00,99974.5,100000.0,1,15000.0,0.000255
2026-01-18 05:00:00+00:00,99974.5,100000.0,1,15000.0,0.000255
2026-01-18 06:00:00+00:00,99974.5,100000.0,1,15000.0,0.000255
2026-01-18 07:00:00+00:00,99974.5,100000.0,1,15000.0,0.000255
2026-01-18 08:00:00+00:00,99975.13790676347,100000.0,1,15000.0,0.000248620932365302
2026-01-18 09:00:00+00:00,99975.13790676347,100000.0,1,15000.0,0.000248620932365302
2026-01-18 10:00:00+00:00,99975.13790676347,100000.0,1,15000.0,0.000248620932365302
2026-01-18 11:00:00+00:00,99975.13790676347,100000.0,1,15000.0,0.000248620932365302
2026-01-18 12:00:00+00:00,99975.13790676347,100000.0,1,15000.0,0.000248620932365302
2026-01-18 13:00:00+00:00,99975.13790676347,100000.0,1,15000.0,0.000248620932365302
2026-01-18 14:00:00+00:00,99975.13790676347,100000.0,1,15000.0,0.000248620932365302
2026-01-18 15:00:00+00:00,99975.13790676347,100000.0,1,15000.0,0.000248620932365302
2026-01-18 16:00:00+00:00,99948.74466965502,99948.74466965502,0,0.0,0.0005125533034498221
2026-01-18 17:00:00+00:00,99948.74466965502,99948.74466965502,0,0.0,0.0005125533034498221
2026-01-18 18:00:00+00:00,99948.74466965502,99948.74466965502,0,0.0,0.0005125533034498221
2026-01-18 19:00:00+00:00,99948.74466965502,99948.74466965502,0,0.0,0.0005125533034498221
2026-01-18 20:00:00+00:00,99948.74466965502,99948.74466965502,0,0.0,0.0005125533034498221
2026-01-18 21:00:00+00:00,99948.74466965502,99948.74466965502,0,0.0,0.0005125533034498221
2026-01-18 22:00:00+00:00,99948.74466965502,99948.74466965502,0,0.0,0.0005125533034498221
2026-01-18 23:00:00+00:00,99948.74466965502,99948.74466965502,0,0.0,0.0005125533034498221
2026-01-19 00:00:00+00:00,99948.74466965502,99948.74466965502,0,0.0,0.0005125533034498221
2026-01-19 01:00:00+00:00,99948.74466965502,99948.74466965502,0,0.0,0.0005125533034498221
2026-01-19 02:00:00+00:00,99948.74466965502,99948.74466965502,0,0.0,0.0005125533034498221
2026-01-19 03:00:00+00:00,99948.74466965502,99948.74466965502,0,0.0,0.0005125533034498221
2026-01-19 04:00:00+00:00,99948.74466965502,99948.74466965502,0,0.0,0.0005125533034498221
2026-01-19 05:00:00+00:00,99948.74466965502,99948.74466965502,0,0.0,0.0005125533034498221
2026-01-19 06:00:00+00:00,99948.74466965502,99948.74466965502,0,0.0,0.0005125533034498221
2026-01-19 07:00:00+00:00,99948.74466965502,99948.74466965502,0,0.0,0.0005125533034498221
2026-01-19 08:00:00+00:00,99923.25773976426,99948.74466965502,1,14992.311700448252,0.0007674226023574011
2026-01-19 09:00:00+00:00,99923.25773976426,99948.74466965502,1,14992.311700448252,0.0007674226023574011
2026-01-19 10:00:00+00:00,99923.25773976426,99948.74466965502,1,14992.311700448252,0.0007674226023574011
2026-01-19 11:00:00+00:00,99923.25773976426,99948.74466965502,1,14992.311700448252,0.0007674226023574011
2026-01-19 12:00:00+00:00,99923.25773976426,99948.74466965502,1,14992.311700448252,0.0007674226023574011
2026-01-19 13:00:00+00:00,99923.25773976426,99948.74466965502,1,14992.311700448252,0.0007674226023574011
2026-01-19 14:00:00+00:00,99923.25773976426,99948.74466965502,1,14992.311700448252,0.0007674226023574011
2026-01-19 15:00:00+00:00,99923.25773976426,99948.74466965502,1,14992.311700448252,0.0007674226023574011
2026-01-19 16:00:00+00:00,99923.54716402348,99948.74466965502,1,14992.311700448252,0.0007645283597652452
2026-01-19 17:00:00+00:00,99923.54716402348,99948.74466965502,1,14992.311700448252,0.0007645283597652452
2026-01-19 18:00:00+00:00,99923.54716402348,99948.74466965502,1,14992.311700448252,0.0007645283597652452
2026-01-19 19:00:00+00:00,99923.54716402348,99948.74466965502,1,14992.311700448252,0.0007645283597652452
2026-01-19 20:00:00+00:00,99923.54716402348,99948.74466965502,1,14992.311700448252,0.0007645283597652452
2026-01-19 21:00:00+00:00,99923.54716402348,99948.74466965502,1,14992.311700448252,0.0007645283597652452
2026-01-19 22:00:00+00:00,99923.54716402348,99948.74466965502,1,14992.311700448252,0.0007645283597652452
2026-01-19 23:00:00+00:00,99923.54716402348,99948.74466965502,1,14992.311700448252,0.0007645283597652452
2026-01-20 00:00:00+00:00,99924.77771834248,99948.74466965502,1,14992.311700448252,0.0007522228165752312
2026-01-20 01:00:00+00:00,99924.77771834248,99948.74466965502,1,14992.311700448252,0.0007522228165752312
2026-01-20 02:00:00+00:00,99924.77771834248,99948.74466965502,1,14992.311700448252,0.0007522228165752312
2026-01-20 03:00:00+00:00,99924.77771834248,99948.74466965502,1,14992.311700448252,0.0007522228165752312
2026-01-20 04:00:00+00:00,99924.77771834248,99948.74466965502,1,14992.311700448252,0.0007522228165752312
2026-01-20 05:00:00+00:00,99924.77771834248,99948.74466965502,1,14992.311700448252,0.0007522228165752312
2026-01-20 06:00:00+00:00,99924.77771834248,99948.74466965502,1,14992.311700448252,0.0007522228165752312
2026-01-20 07:00:00+00:00,99924.77771834248,99948.74466965502,1,14992.311700448252,0.0007522228165752312
2026-01-20 08:00:00+00:00,99900.79574889039,99948.74466965502,2,29981.25324287513,0.0009920425110960787
2026-01-20 09:00:00+00:00,99900.79574889039,99948.74466965502,2,29981.25324287513,0.0009920425110960787
2026-01-20 10:00:00+00:00,99900.79574889039,99948.74466965502,2,29981.25324287513,0.0009920425110960787
2026-01-20 11:00:00+00:00,99900.79574889039,99948.74466965502,2,29981.25324287513,0.0009920425110960787
2026-01-20 12:00:00+00:00,99900.79574889039,99948.74466965502,2,29981.25324287513,0.0009920425110960787
2026-01-20 13:00:00+00:00,99900.79574889039,99948.74466965502,2,29981.25324287513,0.0009920425110960787
2026-01-20 14:00:00+00:00,99900.79574889039,99948.74466965502,2,29981.25324287513,0.0009920425110960787
2026-01-20 15:00:00+00:00,99900.79574889039,99948.74466965502,2,29981.25324287513,0.0009920425110960787
2026-01-20 16:00:00+00:00,99876.76746461159,99897.73595358405,1,14992.311700448252,0.0012323253538840799
2026-01-20 17:00:00+00:00,99876.76746461159,99897.73595358405,1,14992.311700448252,0.0012323253538840799
2026-01-20 18:00:00+00:00,99876.76746461159,99897.73595358405,1,14992.311700448252,0.0012323253538840799
2026-01-20 19:00:00+00:00,99876.76746461159,99897.73595358405,1,14992.311700448252,0.0012323253538840799
2026-01-20 20:00:00+00:00,99876.76746461159,99897.73595358405,1,14992.311700448252,0.0012323253538840799
2026-01-20 21:00:00+00:00,99876.76746461159,99897.73595358405,1,14992.311700448252,0.0012323253538840799
2026-01-20 22:00:00+00:00,99876.76746461159,99897.73595358405,1,14992.311700448252,0.0012323253538840799
2026-01-20 23:00:00+00:00,99876.76746461159,99897.73595358405,1,14992.311700448252,0.0012323253538840799
2026-01-21 00:00:00+00:00,99878.26669578164,99897.73595358405,1,14992.311700448252,0.0012173330421835998
2026-01-21 01:00:00+00:00,99878.26669578164,99897.73595358405,1,14992.311700448252,0.0012173330421835998
2026-01-21 02:00:00+00:00,99878.26669578164,99897.73595358405,1,14992.311700448252,0.0012173330421835998
2026-01-21 03:00:00+00:00,99878.26669578164,99897.73595358405,1,14992.311700448252,0.0012173330421835998
2026-01-21 04:00:00+00:00,99878.26669578164,99897.73595358405,1,14992.311700448252,0.0012173330421835998
2026-01-21 05:00:00+00:00,99878.26669578164,99897.73595358405,1,14992.311700448252,0.0012173330421835998
2026-01-21 06:00:00+00:00,99878.26669578164,99897.73595358405,1,14992.311700448252,0.0012173330421835998
2026-01-21 07:00:00+00:00,99878.26669578164,99897.73595358405,1,14992.311700448252,0.0012173330421835998
2026-01-21 08:00:00+00:00,99852.77870077454,99852.77870077454,0,0.0,0.0014722129922546446
2026-01-21 09:00:00+00:00,99852.77870077454,99852.77870077454,0,0.0,0.0014722129922546446
2026-01-21 10:00:00+00:00,99852.77870077454,99852.77870077454,0,0.0,0.0014722129922546446
2026-01-21 11:00:00+00:00,99852.77870077454,99852.77870077454,0,0.0,0.0014722129922546446
2026-01-21 12:00:00+00:00,99852.77870077454,99852.77870077454,0,0.0,0.0014722129922546446
2026-01-21 13:00:00+00:00,99852.77870077454,99852.77870077454,0,0.0,0.0014722129922546446
2026-01-21 14:00:00+00:00,99852.77870077454,99852.77870077454,0,0.0,0.0014722129922546446
2026-01-21 15:00:00+00:00,99852.77870077454,99852.77870077454,0,0.0,0.0014722129922546446
2026-01-21 16:00:00+00:00,99852.77870077454,99852.77870077454,0,0.0,0.0014722129922546446
2026-01-21 17:00:00+00:00,99852.77870077454,99852.77870077454,0,0.0,0.0014722129922546446
2026-01-21 18:00:00+00:00,99852.77870077454,99852.77870077454,0,0.0,0.0014722129922546446
2026-01-21 19:00:00+00:00,99852.77870077454,99852.77870077454,0,0.0,0.0014722129922546446
2026-01-21 20:00:00+00:00,99852.77870077454,99852.77870077454,0,0.0,0.0014722129922546446
2026-01-21 21:00:00+00:00,99852.77870077454,99852.77870077454,0,0.0,0.0014722129922546446
2026-01-21 22:00:00+00:00,99852.77870077454,99852.77870077454,0,0.0,0.0014722129922546446
2026-01-21 23:00:00+00:00,99852.77870077454,99852.77870077454,0,0.0,0.0014722129922546446
2026-01-22 00:00:00+00:00,99852.77870077454,99852.77870077454,0,0.0,0.0014722129922546446
2026-01-22 01:00:00+00:00,99852.77870077454,99852.77870077454,0,0.0,0.0014722129922546446
2026-01-22 02:00:00+00:00,99852.77870077454,99852.77870077454,0,0.0,0.0014722129922546446
2026-01-22 03:00:00+00:00,99852.77870077454,99852.77870077454,0,0.0,0.0014722129922546446
2026-01-22 04:00:00+00:00,99852.77870077454,99852.77870077454,0,0.0,0.0014722129922546446
2026-01-22 05:00:00+00:00,99852.77870077454,99852.77870077454,0,0.0,0.0014722129922546446
2026-01-22 06:00:00+00:00,99852.77870077454,99852.77870077454,0,0.0,0.0014722129922546446
2026-01-22 07:00:00+00:00,99852.77870077454,99852.77870077454,0,0.0,0.0014722129922546446
2026-01-22 08:00:00+00:00,99852.77870077454,99852.77870077454,0,0.0,0.0014722129922546446
2026-01-22 09:00:00+00:00,99852.77870077454,99852.77870077454,0,0.0,0.0014722129922546446
2026-01-22 10:00:00+00:00,99852.77870077454,99852.77870077454,0,0.0,0.0014722129922546446
2026-01-22 11:00:00+00:00,99852.77870077454,99852.77870077454,0,0.0,0.0014722129922546446
2026-01-22 12:00:00+00:00,99852.77870077454,99852.77870077454,0,0.0,0.0014722129922546446
2026-01-22 13:00:00+00:00,99852.77870077454,99852.77870077454,0,0.0,0.0014722129922546446
2026-01-22 14:00:00+00:00,99852.77870077454,99852.77870077454,0,0.0,0.0014722129922546446
2026-01-22 15:00:00+00:00,99852.77870077454,99852.77870077454,0,0.0,0.0014722129922546446
2026-01-22 16:00:00+00:00,99852.77870077454,99852.77870077454,0,0.0,0.0014722129922546446
2026-01-22 17:00:00+00:00,99852.77870077454,99852.77870077454,0,0.0,0.0014722129922546446
2026-01-22 18:00:00+00:00,99852.77870077454,99852.77870077454,0,0.0,0.0014722129922546446
2026-01-22 19:00:00+00:00,99852.77870077454,99852.77870077454,0,0.0,0.0014722129922546446
2026-01-22 20:00:00+00:00,99852.77870077454,99852.77870077454,0,0.0,0.0014722129922546446
2026-01-22 21:00:00+00:00,99852.77870077454,99852.77870077454,0,0.0,0.0014722129922546446
2026-01-22 22:00:00+00:00,99852.77870077454,99852.77870077454,0,0.0,0.0014722129922546446
2026-01-22 23:00:00+00:00,99852.77870077454,99852.77870077454,0,0.0,0.0014722129922546446
2026-01-23 00:00:00+00:00,99852.77870077454,99852.77870077454,0,0.0,0.0014722129922546446
2026-01-23 01:00:00+00:00,99852.77870077454,99852.77870077454,0,0.0,0.0014722129922546446
2026-01-23 02:00:00+00:00,99852.77870077454,99852.77870077454,0,0.0,0.0014722129922546446
2026-01-23 03:00:00+00:00,99852.77870077454,99852.77870077454,0,0.0,0.0014722129922546446
2026-01-23 04:00:00+00:00,99852.77870077454,99852.77870077454,0,0.0,0.0014722129922546446
2026-01-23 05:00:00+00:00,99852.77870077454,99852.77870077454,0,0.0,0.0014722129922546446
2026-01-23 06:00:00+00:00,99852.77870077454,99852.77870077454,0,0.0,0.0014722129922546446
2026-01-23 07:00:00+00:00,99852.77870077454,99852.77870077454,0,0.0,0.0014722129922546446
2026-01-23 08:00:00+00:00,99852.77870077454,99852.77870077454,0,0.0,0.0014722129922546446
2026-01-23 09:00:00+00:00,99852.77870077454,99852.77870077454,0,0.0,0.0014722129922546446
2026-01-23 10:00:00+00:00,99852.77870077454,99852.77870077454,0,0.0,0.0014722129922546446
2026-01-23 11:00:00+00:00,99852.77870077454,99852.77870077454,0,0.0,0.0014722129922546446
2026-01-23 12:00:00+00:00,99852.77870077454,99852.77870077454,0,0.0,0.0014722129922546446
2026-01-23 13:00:00+00:00,99852.77870077454,99852.77870077454,0,0.0,0.0014722129922546446
2026-01-23 14:00:00+00:00,99852.77870077454,99852.77870077454,0,0.0,0.0014722129922546446
2026-01-23 15:00:00+00:00,99852.77870077454,99852.77870077454,0,0.0,0.0014722129922546446
2026-01-23 16:00:00+00:00,99852.77870077454,99852.77870077454,0,0.0,0.0014722129922546446
2026-01-23 17:00:00+00:00,99852.77870077454,99852.77870077454,0,0.0,0.0014722129922546446
2026-01-23 18:00:00+00:00,99852.77870077454,99852.77870077454,0,0.0,0.0014722129922546446
2026-01-23 19:00:00+00:00,99852.77870077454,99852.77870077454,0,0.0,0.0014722129922546446
2026-01-23 20:00:00+00:00,99852.77870077454,99852.77870077454,0,0.0,0.0014722129922546446
2026-01-23 21:00:00+00:00,99852.77870077454,99852.77870077454,0,0.0,0.0014722129922546446
2026-01-23 22:00:00+00:00,99852.77870077454,99852.77870077454,0,0.0,0.0014722129922546446
2026-01-23 23:00:00+00:00,99852.77870077454,99852.77870077454,0,0.0,0.0014722129922546446
2026-01-24 00:00:00+00:00,99852.77870077454,99852.77870077454,0,0.0,0.0014722129922546446
2026-01-24 01:00:00+00:00,99852.77870077454,99852.77870077454,0,0.0,0.0014722129922546446
2026-01-24 02:00:00+00:00,99852.77870077454,99852.77870077454,0,0.0,0.0014722129922546446
2026-01-24 03:00:00+00:00,99852.77870077454,99852.77870077454,0,0.0,0.0014722129922546446
2026-01-24 04:00:00+00:00,99852.77870077454,99852.77870077454,0,0.0,0.0014722129922546446
2026-01-24 05:00:00+00:00,99852.77870077454,99852.77870077454,0,0.0,0.0014722129922546446
2026-01-24 06:00:00+00:00,99852.77870077454,99852.77870077454,0,0.0,0.0014722129922546446
2026-01-24 07:00:00+00:00,99852.77870077454,99852.77870077454,0,0.0,0.0014722129922546446
2026-01-24 08:00:00+00:00,99852.77870077454,99852.77870077454,0,0.0,0.0014722129922546446
2026-01-24 09:00:00+00:00,99852.77870077454,99852.77870077454,0,0.0,0.0014722129922546446
2026-01-24 10:00:00+00:00,99852.77870077454,99852.77870077454,0,0.0,0.0014722129922546446
2026-01-24 11:00:00+00:00,99852.77870077454,99852.77870077454,0,0.0,0.0014722129922546446
2026-01-24 12:00:00+00:00,99852.77870077454,99852.77870077454,0,0.0,0.0014722129922546446
2026-01-24 13:00:00+00:00,99852.77870077454,99852.77870077454,0,0.0,0.0014722129922546446
2026-01-24 14:00:00+00:00,99852.77870077454,99852.77870077454,0,0.0,0.0014722129922546446
2026-01-24 15:00:00+00:00,99852.77870077454,99852.77870077454,0,0.0,0.0014722129922546446
2026-01-24 16:00:00+00:00,99852.77870077454,99852.77870077454,0,0.0,0.0014722129922546446
2026-01-24 17:00:00+00:00,99852.77870077454,99852.77870077454,0,0.0,0.0014722129922546446
2026-01-24 18:00:00+00:00,99852.77870077454,99852.77870077454,0,0.0,0.0014722129922546446
2026-01-24 19:00:00+00:00,99852.77870077454,99852.77870077454,0,0.0,0.0014722129922546446
2026-01-24 20:00:00+00:00,99852.77870077454,99852.77870077454,0,0.0,0.0014722129922546446
2026-01-24 21:00:00+00:00,99852.77870077454,99852.77870077454,0,0.0,0.0014722129922546446
2026-01-24 22:00:00+00:00,99852.77870077454,99852.77870077454,0,0.0,0.0014722129922546446
2026-01-24 23:00:00+00:00,99852.77870077454,99852.77870077454,0,0.0,0.0014722129922546446
2026-01-25 00:00:00+00:00,99852.77870077454,99852.77870077454,0,0.0,0.0014722129922546446
2026-01-25 01:00:00+00:00,99852.77870077454,99852.77870077454,0,0.0,0.0014722129922546446
2026-01-25 02:00:00+00:00,99852.77870077454,99852.77870077454,0,0.0,0.0014722129922546446
2026-01-25 03:00:00+00:00,99852.77870077454,99852.77870077454,0,0.0,0.0014722129922546446
2026-01-25 04:00:00+00:00,99852.77870077454,99852.77870077454,0,0.0,0.0014722129922546446
2026-01-25 05:00:00+00:00,99852.77870077454,99852.77870077454,0,0.0,0.0014722129922546446
2026-01-25 06:00:00+00:00,99852.77870077454,99852.77870077454,0,0.0,0.0014722129922546446
2026-01-25 07:00:00+00:00,99852.77870077454,99852.77870077454,0,0.0,0.0014722129922546446
2026-01-25 08:00:00+00:00,99852.77870077454,99852.77870077454,0,0.0,0.0014722129922546446
2026-01-25 09:00:00+00:00,99852.77870077454,99852.77870077454,0,0.0,0.0014722129922546446
2026-01-25 10:00:00+00:00,99852.77870077454,99852.77870077454,0,0.0,0.0014722129922546446
2026-01-25 11:00:00+00:00,99852.77870077454,99852.77870077454,0,0.0,0.0014722129922546446
2026-01-25 12:00:00+00:00,99852.77870077454,99852.77870077454,0,0.0,0.0014722129922546446
2026-01-25 13:00:00+00:00,99852.77870077454,99852.77870077454,0,0.0,0.0014722129922546446
2026-01-25 14:00:00+00:00,99852.77870077454,99852.77870077454,0,0.0,0.0014722129922546446
2026-01-25 15:00:00+00:00,99852.77870077454,99852.77870077454,0,0.0,0.0014722129922546446
2026-01-25 16:00:00+00:00,99852.77870077454,99852.77870077454,0,0.0,0.0014722129922546446
2026-01-25 17:00:00+00:00,99852.77870077454,99852.77870077454,0,0.0,0.0014722129922546446
2026-01-25 18:00:00+00:00,99852.77870077454,99852.77870077454,0,0.0,0.0014722129922546446
2026-01-25 19:00:00+00:00,99852.77870077454,99852.77870077454,0,0.0,0.0014722129922546446
2026-01-25 20:00:00+00:00,99852.77870077454,99852.77870077454,0,0.0,0.0014722129922546446
2026-01-25 21:00:00+00:00,99852.77870077454,99852.77870077454,0,0.0,0.0014722129922546446
2026-01-25 22:00:00+00:00,99852.77870077454,99852.77870077454,0,0.0,0.0014722129922546446
2026-01-25 23:00:00+00:00,99852.77870077454,99852.77870077454,0,0.0,0.0014722129922546446
2026-01-26 00:00:00+00:00,99852.77870077454,99852.77870077454,0,0.0,0.0014722129922546446
2026-01-26 01:00:00+00:00,99852.77870077454,99852.77870077454,0,0.0,0.0014722129922546446
2026-01-26 02:00:00+00:00,99852.77870077454,99852.77870077454,0,0.0,0.0014722129922546446
2026-01-26 03:00:00+00:00,99852.77870077454,99852.77870077454,0,0.0,0.0014722129922546446
2026-01-26 04:00:00+00:00,99852.77870077454,99852.77870077454,0,0.0,0.0014722129922546446
2026-01-26 05:00:00+00:00,99852.77870077454,99852.77870077454,0,0.0,0.0014722129922546446
2026-01-26 06:00:00+00:00,99852.77870077454,99852.77870077454,0,0.0,0.0014722129922546446
2026-01-26 07:00:00+00:00,99852.77870077454,99852.77870077454,0,0.0,0.0014722129922546446
2026-01-26 08:00:00+00:00,99852.77870077454,99852.77870077454,0,0.0,0.0014722129922546446
2026-01-26 09:00:00+00:00,99852.77870077454,99852.77870077454,0,0.0,0.0014722129922546446
2026-01-26 10:00:00+00:00,99852.77870077454,99852.77870077454,0,0.0,0.0014722129922546446
2026-01-26 11:00:00+00:00,99852.77870077454,99852.77870077454,0,0.0,0.0014722129922546446
2026-01-26 12:00:00+00:00,99852.77870077454,99852.77870077454,0,0.0,0.0014722129922546446
2026-01-26 13:00:00+00:00,99852.77870077454,99852.77870077454,0,0.0,0.0014722129922546446
2026-01-26 14:00:00+00:00,99852.77870077454,99852.77870077454,0,0.0,0.0014722129922546446
2026-01-26 15:00:00+00:00,99852.77870077454,99852.77870077454,0,0.0,0.0014722129922546446
2026-01-26 16:00:00+00:00,99852.77870077454,99852.77870077454,0,0.0,0.0014722129922546446
2026-01-26 17:00:00+00:00,99852.77870077454,99852.77870077454,0,0.0,0.0014722129922546446
2026-01-26 18:00:00+00:00,99852.77870077454,99852.77870077454,0,0.0,0.0014722129922546446
2026-01-26 19:00:00+00:00,99852.77870077454,99852.77870077454,0,0.0,0.0014722129922546446
2026-01-26 20:00:00+00:00,99852.77870077454,99852.77870077454,0,0.0,0.0014722129922546446
2026-01-26 21:00:00+00:00,99852.77870077454,99852.77870077454,0,0.0,0.0014722129922546446
2026-01-26 22:00:00+00:00,99852.77870077454,99852.77870077454,0,0.0,0.0014722129922546446
2026-01-26 23:00:00+00:00,99852.77870077454,99852.77870077454,0,0.0,0.0014722129922546446
2026-01-27 00:00:00+00:00,99852.77870077454,99852.77870077454,0,0.0,0.0014722129922546446
2026-01-27 01:00:00+00:00,99852.77870077454,99852.77870077454,0,0.0,0.0014722129922546446
2026-01-27 02:00:00+00:00,99852.77870077454,99852.77870077454,0,0.0,0.0014722129922546446
2026-01-27 03:00:00+00:00,99852.77870077454,99852.77870077454,0,0.0,0.0014722129922546446
2026-01-27 04:00:00+00:00,99852.77870077454,99852.77870077454,0,0.0,0.0014722129922546446
2026-01-27 05:00:00+00:00,99852.77870077454,99852.77870077454,0,0.0,0.0014722129922546446
2026-01-27 06:00:00+00:00,99852.77870077454,99852.77870077454,0,0.0,0.0014722129922546446
2026-01-27 07:00:00+00:00,99852.77870077454,99852.77870077454,0,0.0,0.0014722129922546446
2026-01-27 08:00:00+00:00,99852.77870077454,99852.77870077454,0,0.0,0.0014722129922546446
2026-01-27 09:00:00+00:00,99852.77870077454,99852.77870077454,0,0.0,0.0014722129922546446
2026-01-27 10:00:00+00:00,99852.77870077454,99852.77870077454,0,0.0,0.0014722129922546446
2026-01-27 11:00:00+00:00,99852.77870077454,99852.77870077454,0,0.0,0.0014722129922546446
2026-01-27 12:00:00+00:00,99852.77870077454,99852.77870077454,0,0.0,0.0014722129922546446
2026-01-27 13:00:00+00:00,99852.77870077454,99852.77870077454,0,0.0,0.0014722129922546446
2026-01-27 14:00:00+00:00,99852.77870077454,99852.77870077454,0,0.0,0.0014722129922546446
2026-01-27 15:00:00+00:00,99852.77870077454,99852.77870077454,0,0.0,0.0014722129922546446
2026-01-27 16:00:00+00:00,99852.77870077454,99852.77870077454,0,0.0,0.0014722129922546446
2026-01-27 17:00:00+00:00,99852.77870077454,99852.77870077454,0,0.0,0.0014722129922546446
2026-01-27 18:00:00+00:00,99852.77870077454,99852.77870077454,0,0.0,0.0014722129922546446
2026-01-27 19:00:00+00:00,99852.77870077454,99852.77870077454,0,0.0,0.0014722129922546446
2026-01-27 20:00:00+00:00,99852.77870077454,99852.77870077454,0,0.0,0.0014722129922546446
2026-01-27 21:00:00+00:00,99852.77870077454,99852.77870077454,0,0.0,0.0014722129922546446
2026-01-27 22:00:00+00:00,99852.77870077454,99852.77870077454,0,0.0,0.0014722129922546446
2026-01-27 23:00:00+00:00,99852.77870077454,99852.77870077454,0,0.0,0.0014722129922546446
2026-01-28 00:00:00+00:00,99827.31624220584,99852.77870077454,1,14977.91680511618,0.0017268375779416238
2026-01-28 01:00:00+00:00,99827.31624220584,99852.77870077454,1,14977.91680511618,0.0017268375779416238
2026-01-28 02:00:00+00:00,99827.31624220584,99852.77870077454,1,14977.91680511618,0.0017268375779416238
2026-01-28 03:00:00+00:00,99827.31624220584,99852.77870077454,1,14977.91680511618,0.0017268375779416238
2026-01-28 04:00:00+00:00,99827.31624220584,99852.77870077454,1,14977.91680511618,0.0017268375779416238
2026-01-28 05:00:00+00:00,99827.31624220584,99852.77870077454,1,14977.91680511618,0.0017268375779416238
2026-01-28 06:00:00+00:00,99827.31624220584,99852.77870077454,1,14977.91680511618,0.0017268375779416238
2026-01-28 07:00:00+00:00,99827.31624220584,99852.77870077454,1,14977.91680511618,0.0017268375779416238
2026-01-28 08:00:00+00:00,99750.11423328523,99801.00625691583,2,29936.48448858542,0.0024988576671476767
2026-01-28 09:00:00+00:00,99750.11423328523,99801.00625691583,2,29936.48448858542,0.0024988576671476767
2026-01-28 10:00:00+00:00,99750.11423328523,99801.00625691583,2,29936.48448858542,0.0024988576671476767
2026-01-28 11:00:00+00:00,99750.11423328523,99801.00625691583,2,29936.48448858542,0.0024988576671476767
2026-01-28 12:00:00+00:00,99750.11423328523,99801.00625691583,2,29936.48448858542,0.0024988576671476767
2026-01-28 13:00:00+00:00,99750.11423328523,99801.00625691583,2,29936.48448858542,0.0024988576671476767
2026-01-28 14:00:00+00:00,99750.11423328523,99801.00625691583,2,29936.48448858542,0.0024988576671476767
2026-01-28 15:00:00+00:00,99750.11423328523,99801.00625691583,2,29936.48448858542,0.0024988576671476767
2026-01-28 16:00:00+00:00,99723.96338866564,99748.72205004883,1,14970.150938537374,0.0027603661133436255
2026-01-28 17:00:00+00:00,99723.96338866564,99748.72205004883,1,14970.150938537374,0.0027603661133436255
2026-01-28 18:00:00+00:00,99723.96338866564,99748.72205004883,1,14970.150938537374,0.0027603661133436255
2026-01-28 19:00:00+00:00,99723.96338866564,99748.72205004883,1,14970.150938537374,0.0027603661133436255
2026-01-28 20:00:00+00:00,99723.96338866564,99748.72205004883,1,14970.150938537374,0.0027603661133436255
2026-01-28 21:00:00+00:00,99723.96338866564,99748.72205004883,1,14970.150938537374,0.0027603661133436255
2026-01-28 22:00:00+00:00,99723.96338866564,99748.72205004883,1,14970.150938537374,0.0027603661133436255
2026-01-28 23:00:00+00:00,99723.96338866564,99748.72205004883,1,14970.150938537374,0.0027603661133436255
2026-01-29 00:00:00+00:00,99724.82280296924,99748.72205004883,1,14970.150938537374,0.0027517719703076
2026-01-29 01:00:00+00:00,99724.82280296924,99748.72205004883,1,14970.150938537374,0.0027517719703076
2026-01-29 02:00:00+00:00,99724.82280296924,99748.72205004883,1,14970.150938537374,0.0027517719703076
2026-01-29 03:00:00+00:00,99724.82280296924,99748.72205004883,1,14970.150938537374,0.0027517719703076
2026-01-29 04:00:00+00:00,99724.82280296924,99748.72205004883,1,14970.150938537374,0.0027517719703076
2026-01-29 05:00:00+00:00,99724.82280296924,99748.72205004883,1,14970.150938537374,0.0027517719703076
2026-01-29 06:00:00+00:00,99724.82280296924,99748.72205004883,1,14970.150938537374,0.0027517719703076
2026-01-29 07:00:00+00:00,99724.82280296924,99748.72205004883,1,14970.150938537374,0.0027517719703076
2026-01-29 08:00:00+00:00,99698.94230184446,99698.94230184446,0,0.0,0.0030105769815553505
2026-01-29 09:00:00+00:00,99698.94230184446,99698.94230184446,0,0.0,0.0030105769815553505
2026-01-29 10:00:00+00:00,99698.94230184446,99698.94230184446,0,0.0,0.0030105769815553505
2026-01-29 11:00:00+00:00,99698.94230184446,99698.94230184446,0,0.0,0.0030105769815553505
2026-01-29 12:00:00+00:00,99698.94230184446,99698.94230184446,0,0.0,0.0030105769815553505
2026-01-29 13:00:00+00:00,99698.94230184446,99698.94230184446,0,0.0,0.0030105769815553505
2026-01-29 14:00:00+00:00,99698.94230184446,99698.94230184446,0,0.0,0.0030105769815553505
2026-01-29 15:00:00+00:00,99698.94230184446,99698.94230184446,0,0.0,0.0030105769815553505
2026-01-29 16:00:00+00:00,99698.94230184446,99698.94230184446,0,0.0,0.0030105769815553505
2026-01-29 20:00:00+00:00,99698.94230184446,99698.94230184446,0,0.0,0.0030105769815553505
2026-01-30 00:00:00+00:00,99698.94230184446,99698.94230184446,0,0.0,0.0030105769815553505
2026-01-30 04:00:00+00:00,99698.94230184446,99698.94230184446,0,0.0,0.0030105769815553505
2026-01-30 08:00:00+00:00,99698.94230184446,99698.94230184446,0,0.0,0.0030105769815553505
2026-01-30 12:00:00+00:00,99698.94230184446,99698.94230184446,0,0.0,0.0030105769815553505
2026-01-30 16:00:00+00:00,99698.94230184446,99698.94230184446,0,0.0,0.0030105769815553505
2026-01-30 20:00:00+00:00,99698.94230184446,99698.94230184446,0,0.0,0.0030105769815553505
2026-01-31 00:00:00+00:00,99698.94230184446,99698.94230184446,0,0.0,0.0030105769815553505
2026-01-31 04:00:00+00:00,99698.94230184446,99698.94230184446,0,0.0,0.0030105769815553505
2026-01-31 08:00:00+00:00,99698.94230184446,99698.94230184446,0,0.0,0.0030105769815553505
2026-01-31 12:00:00+00:00,99698.94230184446,99698.94230184446,0,0.0,0.0030105769815553505
2026-01-31 16:00:00+00:00,99698.94230184446,99698.94230184446,0,0.0,0.0030105769815553505
2026-01-31 20:00:00+00:00,99698.94230184446,99698.94230184446,0,0.0,0.0030105769815553505
2026-02-01 00:00:00+00:00,99698.94230184446,99698.94230184446,0,0.0,0.0030105769815553505
2026-02-01 04:00:00+00:00,99698.94230184446,99698.94230184446,0,0.0,0.0030105769815553505
2026-02-01 08:00:00+00:00,99673.5190715575,99698.94230184446,1,14954.841345276667,0.0032648092844249914
2026-02-01 12:00:00+00:00,99673.5190715575,99698.94230184446,1,14954.841345276667,0.0032648092844249914
2026-02-01 16:00:00+00:00,99674.77595070646,99698.94230184446,1,14954.841345276667,0.0032522404929353796
2026-02-01 20:00:00+00:00,99674.77595070646,99698.94230184446,1,14954.841345276667,0.0032522404929353796
2026-02-02 00:00:00+00:00,99675.69174956554,99698.94230184446,1,14954.841345276667,0.0032430825043446385
2026-02-02 04:00:00+00:00,99675.69174956554,99698.94230184446,1,14954.841345276667,0.0032430825043446385
2026-02-02 08:00:00+00:00,99650.07379920337,99650.07379920337,0,0.0,0.0034992620079663177
2026-02-02 12:00:00+00:00,99650.07379920337,99650.07379920337,0,0.0,0.0034992620079663177
2026-02-02 16:00:00+00:00,99650.07379920337,99650.07379920337,0,0.0,0.0034992620079663177
2026-02-02 20:00:00+00:00,99650.07379920337,99650.07379920337,0,0.0,0.0034992620079663177
2026-02-03 00:00:00+00:00,99650.07379920337,99650.07379920337,0,0.0,0.0034992620079663177
2026-02-03 04:00:00+00:00,99650.07379920337,99650.07379920337,0,0.0,0.0034992620079663177
2026-02-03 08:00:00+00:00,99650.07379920337,99650.07379920337,0,0.0,0.0034992620079663177
2026-02-03 12:00:00+00:00,99650.07379920337,99650.07379920337,0,0.0,0.0034992620079663177
2026-02-03 16:00:00+00:00,99650.07379920337,99650.07379920337,0,0.0,0.0034992620079663177
2026-02-03 20:00:00+00:00,99650.07379920337,99650.07379920337,0,0.0,0.0034992620079663177
2026-02-04 00:00:00+00:00,99650.07379920337,99650.07379920337,0,0.0,0.0034992620079663177
2026-02-04 04:00:00+00:00,99650.07379920337,99650.07379920337,0,0.0,0.0034992620079663177
2026-02-04 08:00:00+00:00,99650.07379920337,99650.07379920337,0,0.0,0.0034992620079663177
2026-02-04 12:00:00+00:00,99650.07379920337,99650.07379920337,0,0.0,0.0034992620079663177
2026-02-04 16:00:00+00:00,99624.66303038457,99650.07379920337,1,14947.511069880504,0.003753369696154259
2026-02-04 20:00:00+00:00,99624.66303038457,99650.07379920337,1,14947.511069880504,0.003753369696154259
2026-02-05 00:00:00+00:00,99624.78269024643,99650.07379920337,1,14947.511069880504,0.0037521730975357058
2026-02-05 04:00:00+00:00,99624.78269024643,99650.07379920337,1,14947.511069880504,0.0037521730975357058
2026-02-05 08:00:00+00:00,99626.27744135342,99650.07379920337,1,14947.511069880504,0.003737225586465793
2026-02-05 12:00:00+00:00,99626.27744135342,99650.07379920337,1,14947.511069880504,0.003737225586465793
2026-02-05 16:00:00+00:00,99627.77219246041,99650.07379920337,1,14947.511069880504,0.0037222780753958795
2026-02-05 20:00:00+00:00,99627.77219246041,99650.07379920337,1,14947.511069880504,0.0037222780753958795
2026-02-06 00:00:00+00:00,99578.16071620761,99650.07379920337,3,44832.38976496565,0.004218392837923893
2026-02-06 04:00:00+00:00,99578.16071620761,99650.07379920337,3,44832.38976496565,0.004218392837923893
2026-02-06 08:00:00+00:00,99552.2844099025,99599.16079683721,2,29888.045013467257,0.004477155900975049
2026-02-06 12:00:00+00:00,99552.2844099025,99599.16079683721,2,29888.045013467257,0.004477155900975049
2026-02-06 16:00:00+00:00,99526.22677069821,99550.4603239972,1,14940.533943586755,0.004737732293017907
2026-02-06 20:00:00+00:00,99526.22677069821,99550.4603239972,1,14940.533943586755,0.004737732293017907
2026-02-07 00:00:00+00:00,99527.22120613726,99550.4603239972,1,14940.533943586755,0.004727787938627444
2026-02-07 04:00:00+00:00,99527.22120613726,99550.4603239972,1,14940.533943586755,0.004727787938627444
2026-02-07 08:00:00+00:00,99527.65979684894,99550.4603239972,1,14940.533943586755,0.004723402031510632
2026-02-07 12:00:00+00:00,99527.65979684894,99550.4603239972,1,14940.533943586755,0.004723402031510632
2026-02-07 16:00:00+00:00,99502.50393165558,99502.50393165558,0,0.0,0.004974960683444224
2026-02-07 20:00:00+00:00,99502.50393165558,99502.50393165558,0,0.0,0.004974960683444224
2026-02-08 00:00:00+00:00,99502.50393165558,99502.50393165558,0,0.0,0.004974960683444224
2026-02-08 04:00:00+00:00,99502.50393165558,99502.50393165558,0,0.0,0.004974960683444224
2026-02-08 08:00:00+00:00,99477.130793153,99502.50393165558,1,14925.375589748335,0.005228692068469973
2026-02-08 12:00:00+00:00,99477.130793153,99502.50393165558,1,14925.375589748335,0.005228692068469973
2026-02-08 16:00:00+00:00,99476.60311833837,99502.50393165558,1,14925.375589748335,0.005233968816616252
2026-02-08 20:00:00+00:00,99476.60311833837,99502.50393165558,1,14925.375589748335,0.005233968816616252
2026-02-09 00:00:00+00:00,99476.70755031082,99502.50393165558,1,14925.375589748335,0.0052329244968917915
2026-02-09 04:00:00+00:00,99476.70755031082,99502.50393165558,1,14925.375589748335,0.0052329244968917915
2026-02-09 08:00:00+00:00,99476.76841565938,99502.50393165558,1,14925.375589748335,0.00523231584340625
2026-02-09 12:00:00+00:00,99476.76841565938,99502.50393165558,1,14925.375589748335,0.00523231584340625
2026-02-09 16:00:00+00:00,99476.96534749687,99502.50393165558,1,14925.375589748335,0.005230346525031346
2026-02-09 20:00:00+00:00,99476.96534749687,99502.50393165558,1,14925.375589748335,0.005230346525031346
2026-02-10 00:00:00+00:00,99452.2612454712,99502.50393165558,2,29847.01979584157,0.00547738754528793
2026-02-10 04:00:00+00:00,99452.2612454712,99502.50393165558,2,29847.01979584157,0.00547738754528793
2026-02-10 08:00:00+00:00,99453.63463179354,99502.50393165558,2,29847.01979584157,0.005463653682064615
2026-02-10 12:00:00+00:00,99453.63463179354,99502.50393165558,2,29847.01979584157,0.005463653682064615
2026-02-10 16:00:00+00:00,99454.02925544219,99502.50393165558,2,29847.01979584157,0.005459707445578096
2026-02-10 20:00:00+00:00,99454.02925544219,99502.50393165558,2,29847.01979584157,0.005459707445578096
2026-02-11 00:00:00+00:00,99455.03194516832,99502.50393165558,2,29847.01979584157,0.005449680548316828
2026-02-11 04:00:00+00:00,99455.03194516832,99502.50393165558,2,29847.01979584157,0.005449680548316828
2026-02-11 08:00:00+00:00,99428.91469819193,99450.62382670616,1,14921.644206093235,0.00571085301808067
2026-02-11 12:00:00+00:00,99428.91469819193,99450.62382670616,1,14921.644206093235,0.00571085301808067
2026-02-11 16:00:00+00:00,99402.40583971221,99402.40583971221,0,0.0,0.005975941602877865
2026-02-11 20:00:00+00:00,99402.40583971221,99402.40583971221,0,0.0,0.005975941602877865
2026-02-12 00:00:00+00:00,99402.40583971221,99402.40583971221,0,0.0,0.005975941602877865
2026-02-12 04:00:00+00:00,99402.40583971221,99402.40583971221,0,0.0,0.005975941602877865
2026-02-12 08:00:00+00:00,99377.05822622309,99402.40583971221,1,14910.360875956829,0.006229417737769108
2026-02-12 12:00:00+00:00,99377.05822622309,99402.40583971221,1,14910.360875956829,0.006229417737769108
2026-02-12 16:00:00+00:00,99376.84869771289,99402.40583971221,1,14910.360875956829,0.006231513022871077
2026-02-12 20:00:00+00:00,99376.84869771289,99402.40583971221,1,14910.360875956829,0.006231513022871077
2026-02-13 00:00:00+00:00,99377.76227656227,99402.40583971221,1,14910.360875956829,0.006222377234377345
2026-02-13 04:00:00+00:00,99377.76227656227,99402.40583971221,1,14910.360875956829,0.006222377234377345
2026-02-13 08:00:00+00:00,99325.5794628582,99350.9139459144,1,14902.637091887162,0.006744205371418065
2026-02-13 12:00:00+00:00,99325.5794628582,99350.9139459144,1,14902.637091887162,0.006744205371418065
2026-02-13 16:00:00+00:00,99300.51920246972,99300.51920246972,0,0.0,0.0069948079753028285
2026-02-13 20:00:00+00:00,99300.51920246972,99300.51920246972,0,0.0,0.0069948079753028285
2026-02-14 00:00:00+00:00,99224.57367468208,99300.51920246972,3,44673.83987508532,0.007754263253179234
2026-02-14 04:00:00+00:00,99224.57367468208,99300.51920246972,3,44673.83987508532,0.007754263253179234
2026-02-14 08:00:00+00:00,99228.4573594546,99300.51920246972,3,44673.83987508532,0.007715426405454054
2026-02-14 12:00:00+00:00,99228.4573594546,99300.51920246972,3,44673.83987508532,0.007715426405454054
2026-02-14 16:00:00+00:00,99231.99529342598,99300.51920246972,3,44673.83987508532,0.0076800470657402186
2026-02-14 20:00:00+00:00,99231.99529342598,99300.51920246972,3,44673.83987508532,0.0076800470657402186
2026-02-15 00:00:00+00:00,99210.24519936455,99300.51920246972,4,59559.17241478763,0.007897548006354482
2026-02-15 04:00:00+00:00,99210.24519936455,99300.51920246972,4,59559.17241478763,0.007897548006354482
2026-02-15 08:00:00+00:00,99214.66418224195,99300.51920246972,4,59559.17241478763,0.007853358177580521
2026-02-15 12:00:00+00:00,99214.66418224195,99300.51920246972,4,59559.17241478763,0.007853358177580521
2026-02-15 16:00:00+00:00,99192.58825752599,99251.40665794554,3,44673.83987508532,0.008074117424740106
2026-02-15 20:00:00+00:00,99192.58825752599,99251.40665794554,3,44673.83987508532,0.008074117424740106
2026-02-16 00:00:00+00:00,99115.67712474648,99115.67712474648,0,0.0,0.008843228752535215
2026-02-16 04:00:00+00:00,99115.67712474648,99115.67712474648,0,0.0,0.008843228752535215
2026-02-16 08:00:00+00:00,99115.67712474648,99115.67712474648,0,0.0,0.008843228752535215
2026-02-16 12:00:00+00:00,99115.67712474648,99115.67712474648,0,0.0,0.008843228752535215
2026-02-16 16:00:00+00:00,99115.67712474648,99115.67712474648,0,0.0,0.008843228752535215
2026-02-16 20:00:00+00:00,99115.67712474648,99115.67712474648,0,0.0,0.008843228752535215
2026-02-17 00:00:00+00:00,99090.40262707967,99115.67712474648,1,14867.35156871197,0.009095973729203252
2026-02-17 04:00:00+00:00,99090.40262707967,99115.67712474648,1,14867.35156871197,0.009095973729203252
2026-02-17 08:00:00+00:00,99090.75380278507,99115.67712474648,1,14867.35156871197,0.009092461972149322
2026-02-17 12:00:00+00:00,99090.75380278507,99115.67712474648,1,14867.35156871197,0.009092461972149322
2026-02-17 16:00:00+00:00,99090.72346158438,99115.67712474648,1,14867.35156871197,0.009092765384156229
2026-02-17 20:00:00+00:00,99090.72346158438,99115.67712474648,1,14867.35156871197,0.009092765384156229
2026-02-18 00:00:00+00:00,99092.21019674126,99115.67712474648,1,14867.35156871197,0.0090778980325874
2026-02-18 04:00:00+00:00,99092.21019674126,99115.67712474648,1,14867.35156871197,0.0090778980325874
2026-02-18 08:00:00+00:00,99092.2945690573,99115.67712474648,1,14867.35156871197,0.009077054309427039
2026-02-18 12:00:00+00:00,99092.2945690573,99115.67712474648,1,14867.35156871197,0.009077054309427039
2026-02-18 16:00:00+00:00,99066.2548083481,99066.2548083481,0,0.0,0.009337451916519057
2026-02-18 20:00:00+00:00,99066.2548083481,99066.2548083481,0,0.0,0.009337451916519057
2026-02-19 00:00:00+00:00,99066.2548083481,99066.2548083481,0,0.0,0.009337451916519057
2026-02-19 04:00:00+00:00,99066.2548083481,99066.2548083481,0,0.0,0.009337451916519057
2026-02-19 08:00:00+00:00,99066.2548083481,99066.2548083481,0,0.0,0.009337451916519057
2026-02-19 12:00:00+00:00,99066.2548083481,99066.2548083481,0,0.0,0.009337451916519057
2026-02-19 16:00:00+00:00,99066.2548083481,99066.2548083481,0,0.0,0.009337451916519057
2026-02-19 20:00:00+00:00,99066.2548083481,99066.2548083481,0,0.0,0.009337451916519057
2026-02-20 00:00:00+00:00,99066.2548083481,99066.2548083481,0,0.0,0.009337451916519057
2026-02-20 04:00:00+00:00,99066.2548083481,99066.2548083481,0,0.0,0.009337451916519057
2026-02-20 08:00:00+00:00,99066.2548083481,99066.2548083481,0,0.0,0.009337451916519057
2026-02-20 12:00:00+00:00,99066.2548083481,99066.2548083481,0,0.0,0.009337451916519057
2026-02-20 16:00:00+00:00,99066.2548083481,99066.2548083481,0,0.0,0.009337451916519057
2026-02-20 20:00:00+00:00,99066.2548083481,99066.2548083481,0,0.0,0.009337451916519057
2026-02-21 00:00:00+00:00,99066.2548083481,99066.2548083481,0,0.0,0.009337451916519057
2026-02-21 04:00:00+00:00,99066.2548083481,99066.2548083481,0,0.0,0.009337451916519057
2026-02-21 08:00:00+00:00,99066.2548083481,99066.2548083481,0,0.0,0.009337451916519057
2026-02-21 12:00:00+00:00,99066.2548083481,99066.2548083481,0,0.0,0.009337451916519057
2026-02-21 16:00:00+00:00,99066.2548083481,99066.2548083481,0,0.0,0.009337451916519057
2026-02-21 20:00:00+00:00,99066.2548083481,99066.2548083481,0,0.0,0.009337451916519057
2026-02-22 00:00:00+00:00,99066.2548083481,99066.2548083481,0,0.0,0.009337451916519057
2026-02-22 04:00:00+00:00,99066.2548083481,99066.2548083481,0,0.0,0.009337451916519057
2026-02-22 08:00:00+00:00,99066.2548083481,99066.2548083481,0,0.0,0.009337451916519057
2026-02-22 12:00:00+00:00,99066.2548083481,99066.2548083481,0,0.0,0.009337451916519057
2026-02-22 16:00:00+00:00,99040.99291337197,99066.2548083481,1,14859.938221252214,0.009590070866280293
2026-02-22 20:00:00+00:00,99040.99291337197,99066.2548083481,1,14859.938221252214,0.009590070866280293
2026-02-23 00:00:00+00:00,99015.88193112053,99015.88193112053,0,0.0,0.009841180688794702
2026-02-23 04:00:00+00:00,99015.88193112053,99015.88193112053,0,0.0,0.009841180688794702
2026-02-23 08:00:00+00:00,99015.88193112053,99015.88193112053,0,0.0,0.009841180688794702
2026-02-23 12:00:00+00:00,99015.88193112053,99015.88193112053,0,0.0,0.009841180688794702
2026-02-23 16:00:00+00:00,99015.88193112053,99015.88193112053,0,0.0,0.009841180688794702
2026-02-23 20:00:00+00:00,99015.88193112053,99015.88193112053,0,0.0,0.009841180688794702
2026-02-24 00:00:00+00:00,98990.6328812281,99015.88193112053,1,14852.382289668078,0.01009367118771901
2026-02-24 04:00:00+00:00,98990.6328812281,99015.88193112053,1,14852.382289668078,0.01009367118771901
2026-02-24 08:00:00+00:00,98965.42767748343,98965.42767748343,0,0.0,0.010345723225165712
2026-02-24 12:00:00+00:00,98965.42767748343,98965.42767748343,0,0.0,0.010345723225165712
2026-02-24 16:00:00+00:00,98965.42767748343,98965.42767748343,0,0.0,0.010345723225165712
2026-02-24 20:00:00+00:00,98965.42767748343,98965.42767748343,0,0.0,0.010345723225165712
2026-02-25 00:00:00+00:00,98940.19149342566,98965.42767748343,1,14844.814151622513,0.010598085065743362
2026-02-25 04:00:00+00:00,98940.19149342566,98965.42767748343,1,14844.814151622513,0.010598085065743362
2026-02-25 08:00:00+00:00,98940.73692090221,98965.42767748343,1,14844.814151622513,0.010592630790977855
2026-02-25 12:00:00+00:00,98940.73692090221,98965.42767748343,1,14844.814151622513,0.010592630790977855
2026-02-25 16:00:00+00:00,98941.6446862305,98965.42767748343,1,14844.814151622513,0.01058355313769498
2026-02-25 20:00:00+00:00,98941.6446862305,98965.42767748343,1,14844.814151622513,0.01058355313769498
2026-02-26 00:00:00+00:00,98892.557762514,98965.42767748343,3,44523.9332609033,0.011074422374860005
2026-02-26 04:00:00+00:00,98892.557762514,98965.42767748343,3,44523.9332609033,0.011074422374860005
2026-02-26 08:00:00+00:00,98843.53050105185,98916.22862084441,3,44509.430413821225,0.011564694989481504
2026-02-26 12:00:00+00:00,98843.53050105185,98916.22862084441,3,44509.430413821225,0.011564694989481504
2026-02-26 16:00:00+00:00,98846.82910426597,98916.22862084441,3,44509.430413821225,0.011531708957340306
2026-02-26 20:00:00+00:00,98846.82910426597,98916.22862084441,3,44509.430413821225,0.011531708957340306
2026-02-27 00:00:00+00:00,98770.97632058167,98770.97632058167,0,0.0,0.012290236794183293
2026-02-27 04:00:00+00:00,98770.97632058167,98770.97632058167,0,0.0,0.012290236794183293
2026-02-27 08:00:00+00:00,98770.97632058167,98770.97632058167,0,0.0,0.012290236794183293
2026-02-27 12:00:00+00:00,98770.97632058167,98770.97632058167,0,0.0,0.012290236794183293
2026-02-27 16:00:00+00:00,98770.97632058167,98770.97632058167,0,0.0,0.012290236794183293
2026-02-27 20:00:00+00:00,98770.97632058167,98770.97632058167,0,0.0,0.012290236794183293
2026-02-28 00:00:00+00:00,98770.97632058167,98770.97632058167,0,0.0,0.012290236794183293
2026-02-28 04:00:00+00:00,98770.97632058167,98770.97632058167,0,0.0,0.012290236794183293
2026-02-28 08:00:00+00:00,98770.97632058167,98770.97632058167,0,0.0,0.012290236794183293
2026-02-28 12:00:00+00:00,98770.97632058167,98770.97632058167,0,0.0,0.012290236794183293
2026-02-28 16:00:00+00:00,98770.97632058167,98770.97632058167,0,0.0,0.012290236794183293
2026-02-28 20:00:00+00:00,98770.97632058167,98770.97632058167,0,0.0,0.012290236794183293
2026-03-01 00:00:00+00:00,98770.97632058167,98770.97632058167,0,0.0,0.012290236794183293
2026-03-01 04:00:00+00:00,98770.97632058167,98770.97632058167,0,0.0,0.012290236794183293
2026-03-01 08:00:00+00:00,98770.97632058167,98770.97632058167,0,0.0,0.012290236794183293
2026-03-01 12:00:00+00:00,98770.97632058167,98770.97632058167,0,0.0,0.012290236794183293
2026-03-01 16:00:00+00:00,98770.97632058167,98770.97632058167,0,0.0,0.012290236794183293
2026-03-01 20:00:00+00:00,98770.97632058167,98770.97632058167,0,0.0,0.012290236794183293
2026-03-02 00:00:00+00:00,98770.97632058167,98770.97632058167,0,0.0,0.012290236794183293
2026-03-02 04:00:00+00:00,98770.97632058167,98770.97632058167,0,0.0,0.012290236794183293
2026-03-02 08:00:00+00:00,98770.97632058167,98770.97632058167,0,0.0,0.012290236794183293
2026-03-02 12:00:00+00:00,98770.97632058167,98770.97632058167,0,0.0,0.012290236794183293
2026-03-02 16:00:00+00:00,98770.97632058167,98770.97632058167,0,0.0,0.012290236794183293
2026-03-02 20:00:00+00:00,98770.97632058167,98770.97632058167,0,0.0,0.012290236794183293
2026-03-03 00:00:00+00:00,98770.97632058167,98770.97632058167,0,0.0,0.012290236794183293
2026-03-03 04:00:00+00:00,98770.97632058167,98770.97632058167,0,0.0,0.012290236794183293
2026-03-03 08:00:00+00:00,98770.97632058167,98770.97632058167,0,0.0,0.012290236794183293
2026-03-03 12:00:00+00:00,98770.97632058167,98770.97632058167,0,0.0,0.012290236794183293
2026-03-03 16:00:00+00:00,98770.97632058167,98770.97632058167,0,0.0,0.012290236794183293
2026-03-03 20:00:00+00:00,98770.97632058167,98770.97632058167,0,0.0,0.012290236794183293
2026-03-04 00:00:00+00:00,98770.97632058167,98770.97632058167,0,0.0,0.012290236794183293
2026-03-04 04:00:00+00:00,98770.97632058167,98770.97632058167,0,0.0,0.012290236794183293
2026-03-04 08:00:00+00:00,98770.97632058167,98770.97632058167,0,0.0,0.012290236794183293
2026-03-04 12:00:00+00:00,98770.97632058167,98770.97632058167,0,0.0,0.012290236794183293
2026-03-04 16:00:00+00:00,98770.97632058167,98770.97632058167,0,0.0,0.012290236794183293
2026-03-04 20:00:00+00:00,98770.97632058167,98770.97632058167,0,0.0,0.012290236794183293
2026-03-05 00:00:00+00:00,98745.78972161992,98770.97632058167,1,14815.64644808725,0.012542102783800801
2026-03-05 04:00:00+00:00,98745.78972161992,98770.97632058167,1,14815.64644808725,0.012542102783800801
2026-03-05 08:00:00+00:00,98722.09073208674,98770.97632058167,2,29627.737141026955,0.012779092679132591
2026-03-05 12:00:00+00:00,98722.09073208674,98770.97632058167,2,29627.737141026955,0.012779092679132591
2026-03-05 16:00:00+00:00,98723.54475807538,98770.97632058167,2,29627.737141026955,0.012764552419246174
2026-03-05 20:00:00+00:00,98723.54475807538,98770.97632058167,2,29627.737141026955,0.012764552419246174
2026-03-06 00:00:00+00:00,98700.39047367584,98770.97632058167,3,44436.571964958435,0.012996095263241586
2026-03-06 04:00:00+00:00,98700.39047367584,98770.97632058167,3,44436.571964958435,0.012996095263241586
2026-03-06 08:00:00+00:00,98676.5219989,98723.53458325399,2,29620.925516871182,0.013234780010999966
2026-03-06 12:00:00+00:00,98676.5219989,98723.53458325399,2,29620.925516871182,0.013234780010999966
2026-03-06 16:00:00+00:00,98625.81354188985,98625.81354188985,0,0.0,0.013741864581101545
2026-03-06 20:00:00+00:00,98625.81354188985,98625.81354188985,0,0.0,0.013741864581101545
2026-03-07 00:00:00+00:00,98625.81354188985,98625.81354188985,0,0.0,0.013741864581101545
2026-03-07 04:00:00+00:00,98625.81354188985,98625.81354188985,0,0.0,0.013741864581101545
2026-03-07 08:00:00+00:00,98625.81354188985,98625.81354188985,0,0.0,0.013741864581101545
2026-03-07 12:00:00+00:00,98625.81354188985,98625.81354188985,0,0.0,0.013741864581101545
2026-03-07 16:00:00+00:00,98625.81354188985,98625.81354188985,0,0.0,0.013741864581101545
2026-03-07 20:00:00+00:00,98625.81354188985,98625.81354188985,0,0.0,0.013741864581101545
2026-03-08 00:00:00+00:00,98625.81354188985,98625.81354188985,0,0.0,0.013741864581101545
2026-03-08 04:00:00+00:00,98625.81354188985,98625.81354188985,0,0.0,0.013741864581101545
2026-03-08 08:00:00+00:00,98625.81354188985,98625.81354188985,0,0.0,0.013741864581101545
2026-03-08 12:00:00+00:00,98625.81354188985,98625.81354188985,0,0.0,0.013741864581101545
2026-03-08 16:00:00+00:00,98625.81354188985,98625.81354188985,0,0.0,0.013741864581101545
2026-03-08 20:00:00+00:00,98625.81354188985,98625.81354188985,0,0.0,0.013741864581101545
2026-03-09 00:00:00+00:00,98625.81354188985,98625.81354188985,0,0.0,0.013741864581101545
2026-03-09 04:00:00+00:00,98625.81354188985,98625.81354188985,0,0.0,0.013741864581101545
2026-03-09 08:00:00+00:00,98625.81354188985,98625.81354188985,0,0.0,0.013741864581101545
2026-03-09 12:00:00+00:00,98625.81354188985,98625.81354188985,0,0.0,0.013741864581101545
2026-03-09 16:00:00+00:00,98625.81354188985,98625.81354188985,0,0.0,0.013741864581101545
2026-03-09 20:00:00+00:00,98625.81354188985,98625.81354188985,0,0.0,0.013741864581101545
2026-03-10 00:00:00+00:00,98625.81354188985,98625.81354188985,0,0.0,0.013741864581101545
2026-03-10 04:00:00+00:00,98625.81354188985,98625.81354188985,0,0.0,0.013741864581101545
2026-03-10 08:00:00+00:00,98625.81354188985,98625.81354188985,0,0.0,0.013741864581101545
2026-03-10 12:00:00+00:00,98625.81354188985,98625.81354188985,0,0.0,0.013741864581101545
2026-03-10 16:00:00+00:00,98575.520790127,98625.81354188985,2,29583.971625198974,0.01424479209872996
2026-03-10 20:00:00+00:00,98575.520790127,98625.81354188985,2,29583.971625198974,0.01424479209872996
2026-03-11 00:00:00+00:00,98577.00913195676,98625.81354188985,2,29583.971625198974,0.014229908680432418
2026-03-11 04:00:00+00:00,98577.00913195676,98625.81354188985,2,29583.971625198974,0.014229908680432418
2026-03-11 08:00:00+00:00,98552.13970300872,98574.7603316527,1,14790.099593915498,0.014478602969912754
2026-03-11 12:00:00+00:00,98552.13970300872,98574.7603316527,1,14790.099593915498,0.014478602969912754
2026-03-11 16:00:00+00:00,98526.69800665167,98526.69800665167,0,0.0,0.014733019933483301
2026-03-11 20:00:00+00:00,98526.69800665167,98526.69800665167,0,0.0,0.014733019933483301
2026-03-12 00:00:00+00:00,98526.69800665167,98526.69800665167,0,0.0,0.014733019933483301
2026-03-12 04:00:00+00:00,98526.69800665167,98526.69800665167,0,0.0,0.014733019933483301
2026-03-12 08:00:00+00:00,98526.69800665167,98526.69800665167,0,0.0,0.014733019933483301
2026-03-12 12:00:00+00:00,98526.69800665167,98526.69800665167,0,0.0,0.014733019933483301
2026-03-12 16:00:00+00:00,98526.69800665167,98526.69800665167,0,0.0,0.014733019933483301
2026-03-12 20:00:00+00:00,98526.69800665167,98526.69800665167,0,0.0,0.014733019933483301
2026-03-13 00:00:00+00:00,98526.69800665167,98526.69800665167,0,0.0,0.014733019933483301
2026-03-13 04:00:00+00:00,98526.69800665167,98526.69800665167,0,0.0,0.014733019933483301
2026-03-13 08:00:00+00:00,98526.69800665167,98526.69800665167,0,0.0,0.014733019933483301
2026-03-13 12:00:00+00:00,98526.69800665167,98526.69800665167,0,0.0,0.014733019933483301
2026-03-13 16:00:00+00:00,98526.69800665167,98526.69800665167,0,0.0,0.014733019933483301
2026-03-13 20:00:00+00:00,98526.69800665167,98526.69800665167,0,0.0,0.014733019933483301
2026-03-14 00:00:00+00:00,98526.69800665167,98526.69800665167,0,0.0,0.014733019933483301
2026-03-14 04:00:00+00:00,98526.69800665167,98526.69800665167,0,0.0,0.014733019933483301
2026-03-14 08:00:00+00:00,98526.69800665167,98526.69800665167,0,0.0,0.014733019933483301
2026-03-14 12:00:00+00:00,98526.69800665167,98526.69800665167,0,0.0,0.014733019933483301
2026-03-14 16:00:00+00:00,98526.69800665167,98526.69800665167,0,0.0,0.014733019933483301
2026-03-14 20:00:00+00:00,98526.69800665167,98526.69800665167,0,0.0,0.014733019933483301
2026-03-15 00:00:00+00:00,98526.69800665167,98526.69800665167,0,0.0,0.014733019933483301
2026-03-15 04:00:00+00:00,98526.69800665167,98526.69800665167,0,0.0,0.014733019933483301
2026-03-15 08:00:00+00:00,98526.69800665167,98526.69800665167,0,0.0,0.014733019933483301
2026-03-15 12:00:00+00:00,98526.69800665167,98526.69800665167,0,0.0,0.014733019933483301
2026-03-15 16:00:00+00:00,98526.69800665167,98526.69800665167,0,0.0,0.014733019933483301
2026-03-15 20:00:00+00:00,98526.69800665167,98526.69800665167,0,0.0,0.014733019933483301
2026-03-16 00:00:00+00:00,98526.69800665167,98526.69800665167,0,0.0,0.014733019933483301
2026-03-16 04:00:00+00:00,98526.69800665167,98526.69800665167,0,0.0,0.014733019933483301
2026-03-16 08:00:00+00:00,98526.69800665167,98526.69800665167,0,0.0,0.014733019933483301
2026-03-16 12:00:00+00:00,98526.69800665167,98526.69800665167,0,0.0,0.014733019933483301
2026-03-16 16:00:00+00:00,98526.69800665167,98526.69800665167,0,0.0,0.014733019933483301
2026-03-16 20:00:00+00:00,98526.69800665167,98526.69800665167,0,0.0,0.014733019933483301
2026-03-17 00:00:00+00:00,98526.69800665167,98526.69800665167,0,0.0,0.014733019933483301
2026-03-17 04:00:00+00:00,98526.69800665167,98526.69800665167,0,0.0,0.014733019933483301
2026-03-17 08:00:00+00:00,98526.69800665167,98526.69800665167,0,0.0,0.014733019933483301
2026-03-17 12:00:00+00:00,98526.69800665167,98526.69800665167,0,0.0,0.014733019933483301
2026-03-17 16:00:00+00:00,98526.69800665167,98526.69800665167,0,0.0,0.014733019933483301
2026-03-17 20:00:00+00:00,98526.69800665167,98526.69800665167,0,0.0,0.014733019933483301
2026-03-18 00:00:00+00:00,98526.69800665167,98526.69800665167,0,0.0,0.014733019933483301
2026-03-18 04:00:00+00:00,98526.69800665167,98526.69800665167,0,0.0,0.014733019933483301
2026-03-18 08:00:00+00:00,98526.69800665167,98526.69800665167,0,0.0,0.014733019933483301
2026-03-18 12:00:00+00:00,98526.69800665167,98526.69800665167,0,0.0,0.014733019933483301
2026-03-18 16:00:00+00:00,98526.69800665167,98526.69800665167,0,0.0,0.014733019933483301
2026-03-18 20:00:00+00:00,98526.69800665167,98526.69800665167,0,0.0,0.014733019933483301
2026-03-19 00:00:00+00:00,98526.69800665167,98526.69800665167,0,0.0,0.014733019933483301
2026-03-19 04:00:00+00:00,98526.69800665167,98526.69800665167,0,0.0,0.014733019933483301
2026-03-19 08:00:00+00:00,98526.69800665167,98526.69800665167,0,0.0,0.014733019933483301
2026-03-19 12:00:00+00:00,98526.69800665167,98526.69800665167,0,0.0,0.014733019933483301
2026-03-19 16:00:00+00:00,98526.69800665167,98526.69800665167,0,0.0,0.014733019933483301
2026-03-19 20:00:00+00:00,98526.69800665167,98526.69800665167,0,0.0,0.014733019933483301
2026-03-20 00:00:00+00:00,98526.69800665167,98526.69800665167,0,0.0,0.014733019933483301
2026-03-20 04:00:00+00:00,98526.69800665167,98526.69800665167,0,0.0,0.014733019933483301
2026-03-20 08:00:00+00:00,98526.69800665167,98526.69800665167,0,0.0,0.014733019933483301
2026-03-20 12:00:00+00:00,98526.69800665167,98526.69800665167,0,0.0,0.014733019933483301
2026-03-20 16:00:00+00:00,98526.69800665167,98526.69800665167,0,0.0,0.014733019933483301
2026-03-20 20:00:00+00:00,98526.69800665167,98526.69800665167,0,0.0,0.014733019933483301
2026-03-21 00:00:00+00:00,98526.69800665167,98526.69800665167,0,0.0,0.014733019933483301
2026-03-21 04:00:00+00:00,98526.69800665167,98526.69800665167,0,0.0,0.014733019933483301
2026-03-21 08:00:00+00:00,98526.69800665167,98526.69800665167,0,0.0,0.014733019933483301
2026-03-21 12:00:00+00:00,98526.69800665167,98526.69800665167,0,0.0,0.014733019933483301
2026-03-21 16:00:00+00:00,98526.69800665167,98526.69800665167,0,0.0,0.014733019933483301
2026-03-21 20:00:00+00:00,98526.69800665167,98526.69800665167,0,0.0,0.014733019933483301
2026-03-22 00:00:00+00:00,98526.69800665167,98526.69800665167,0,0.0,0.014733019933483301
2026-03-22 08:00:00+00:00,98526.69800665167,98526.69800665167,0,0.0,0.014733019933483301
2026-03-22 16:00:00+00:00,98526.69800665167,98526.69800665167,0,0.0,0.014733019933483301
2026-03-23 00:00:00+00:00,98526.69800665167,98526.69800665167,0,0.0,0.014733019933483301
2026-03-23 08:00:00+00:00,98526.69800665167,98526.69800665167,0,0.0,0.014733019933483301
2026-03-23 16:00:00+00:00,98526.69800665167,98526.69800665167,0,0.0,0.014733019933483301
2026-03-24 00:00:00+00:00,98526.69800665167,98526.69800665167,0,0.0,0.014733019933483301
2026-03-24 08:00:00+00:00,98501.57369865998,98526.69800665167,1,14779.00470099775,0.014984263013400195
2026-03-24 16:00:00+00:00,98502.4411097894,98526.69800665167,1,14779.00470099775,0.014975588902105956
2026-03-25 00:00:00+00:00,98502.70132411277,98526.69800665167,1,14779.00470099775,0.014972986758872285
2026-03-25 08:00:00+00:00,98503.16281222485,98526.69800665167,1,14779.00470099775,0.014968371877751487
2026-03-25 16:00:00+00:00,98503.54694164447,98526.69800665167,1,14779.00470099775,0.014964530583555315
2026-03-26 00:00:00+00:00,98504.67472093792,98526.69800665167,1,14779.00470099775,0.014953252790620755
2026-03-26 08:00:00+00:00,98506.15262140802,98526.69800665167,1,14779.00470099775,0.014938473785919778
2026-03-26 16:00:00+00:00,98506.64939546734,98526.69800665167,1,14779.00470099775,0.01493350604532665
2026-03-27 00:00:00+00:00,98507.76872413694,98526.69800665167,1,14779.00470099775,0.014922312758630579
2026-03-27 08:00:00+00:00,98508.75037015829,98526.69800665167,1,14779.00470099775,0.014912496298417099
2026-03-27 16:00:00+00:00,98482.97661017868,98482.97661017868,0,0.0,0.015170233898213191
2026-03-28 00:00:00+00:00,98482.97661017868,98482.97661017868,0,0.0,0.015170233898213191
2026-03-28 08:00:00+00:00,98482.97661017868,98482.97661017868,0,0.0,0.015170233898213191
2026-03-28 16:00:00+00:00,98482.97661017868,98482.97661017868,0,0.0,0.015170233898213191
2026-03-29 00:00:00+00:00,98482.97661017868,98482.97661017868,0,0.0,0.015170233898213191
2026-03-29 08:00:00+00:00,98482.97661017868,98482.97661017868,0,0.0,0.015170233898213191
2026-03-29 16:00:00+00:00,98482.97661017868,98482.97661017868,0,0.0,0.015170233898213191
2026-03-30 00:00:00+00:00,98482.97661017868,98482.97661017868,0,0.0,0.015170233898213191
2026-03-30 08:00:00+00:00,98482.97661017868,98482.97661017868,0,0.0,0.015170233898213191
2026-03-30 16:00:00+00:00,98482.97661017868,98482.97661017868,0,0.0,0.015170233898213191
2026-03-31 00:00:00+00:00,98482.97661017868,98482.97661017868,0,0.0,0.015170233898213191
2026-03-31 08:00:00+00:00,98457.86345114309,98482.97661017868,1,14772.446491526804,0.015421365488569136
2026-03-31 16:00:00+00:00,98458.08707035155,98482.97661017868,1,14772.446491526804,0.015419129296484462
2026-04-01 00:00:00+00:00,98458.60233805746,98482.97661017868,1,14772.446491526804,0.015413976619425375
2026-04-01 08:00:00+00:00,98459.37681021677,98482.97661017868,1,14772.446491526804,0.01540623189783233
2026-04-01 16:00:00+00:00,98460.36414999676,98482.97661017868,1,14772.446491526804,0.015396358500032365
2026-04-02 00:00:00+00:00,98460.686100907,98482.97661017868,1,14772.446491526804,0.01539313899093002
2026-04-02 08:00:00+00:00,98435.1886752122,98435.1886752122,0,0.0,0.015648113247878064
2026-04-02 16:00:00+00:00,98435.1886752122,98435.1886752122,0,0.0,0.015648113247878064
2026-04-03 00:00:00+00:00,98435.1886752122,98435.1886752122,0,0.0,0.015648113247878064
2026-04-03 08:00:00+00:00,98435.1886752122,98435.1886752122,0,0.0,0.015648113247878064
2026-04-03 16:00:00+00:00,98359.9049564879,98435.1886752122,3,44284.540426057225,0.016400950435121048
2026-04-04 00:00:00+00:00,98363.08992810479,98435.1886752122,3,44284.540426057225,0.016369100718952104
2026-04-04 08:00:00+00:00,98365.48154996753,98435.1886752122,3,44284.540426057225,0.016345184500324687
2026-04-04 16:00:00+00:00,98365.08829021614,98435.1886752122,3,44284.540426057225,0.01634911709783861
2026-04-05 00:00:00+00:00,98341.07615262376,98385.73772228908,2,29523.027270742226,0.01658923847376238
2026-04-05 08:00:00+00:00,98313.78460382416,98336.64155052844,1,14765.278301281829,0.01686215396175845
2026-04-05 16:00:00+00:00,98311.95794752538,98336.64155052844,1,14765.278301281829,0.01688042052474615
2026-04-06 00:00:00+00:00,98288.3645495643,98336.64155052844,2,29512.293472585156,0.017116354504357004
2026-04-06 08:00:00+00:00,98261.11896414791,98285.26816284872,1,14747.015171303326,0.01738881035852086
2026-04-06 16:00:00+00:00,98262.13337394266,98285.26816284872,1,14747.015171303326,0.017378666260573373
2026-04-07 00:00:00+00:00,98236.58411282301,98236.58411282301,0,0.0,0.017634158871769907
2026-04-07 08:00:00+00:00,98236.58411282301,98236.58411282301,0,0.0,0.017634158871769907
2026-04-07 16:00:00+00:00,98236.58411282301,98236.58411282301,0,0.0,0.017634158871769907
2026-04-08 00:00:00+00:00,98186.48984275936,98236.58411282301,2,29467.217684504587,0.01813510157240642
2026-04-08 08:00:00+00:00,98189.4365645278,98236.58411282301,2,29467.217684504587,0.018105634354721987
2026-04-08 16:00:00+00:00,98167.34422855824,98236.58411282301,3,44196.07517744903,0.018326557714417577
2026-04-09 00:00:00+00:00,98170.92625557868,98236.58411282301,3,44196.07517744903,0.018290737444213154
2026-04-09 08:00:00+00:00,98147.28397943701,98187.40409399997,2,29467.217684504587,0.018527160205629917
2026-04-09 16:00:00+00:00,98125.20239237665,98187.40409399997,3,44189.752289685406,0.018747976076233464
2026-04-10 00:00:00+00:00,98128.19239734868,98187.40409399997,3,44189.752289685406,0.018718076026513153
2026-04-10 08:00:00+00:00,98131.56143701804,98187.40409399997,3,44189.752289685406,0.01868438562981959
2026-04-10 16:00:00+00:00,98028.44753323542,98053.4575471287,1,14711.772878393625,0.019715524667645805
2026-04-11 00:00:00+00:00,98029.91871052327,98053.4575471287,1,14711.772878393625,0.019700812894767297
2026-04-11 08:00:00+00:00,98031.29091305497,98053.4575471287,1,14711.772878393625,0.019687090869450332
2026-04-11 16:00:00+00:00,98032.24413742464,98053.4575471287,1,14711.772878393625,0.01967755862575359
2026-04-12 00:00:00+00:00,98033.71531471248,98053.4575471287,1,14711.772878393625,0.019662846852875226
2026-04-12 08:00:00+00:00,98006.75641158591,98006.75641158591,0,0.0,0.01993243588414087
2026-04-12 16:00:00+00:00,98006.75641158591,98006.75641158591,0,0.0,0.01993243588414087
2026-04-13 00:00:00+00:00,98006.75641158591,98006.75641158591,0,0.0,0.01993243588414087
2026-04-13 08:00:00+00:00,98006.75641158591,98006.75641158591,0,0.0,0.01993243588414087
2026-04-13 16:00:00+00:00,98006.75641158591,98006.75641158591,0,0.0,0.01993243588414087
2026-04-14 00:00:00+00:00,97981.76468870096,98006.75641158591,1,14701.013461737886,0.020182353112990385
2026-04-14 08:00:00+00:00,97982.29315620447,98006.75641158591,1,14701.013461737886,0.020177068437955314
2026-04-14 16:00:00+00:00,97983.09849919903,98006.75641158591,1,14701.013461737886,0.020169015008009737
2026-04-15 00:00:00+00:00,97957.80419149224,97957.80419149224,0,0.0,0.02042195808507764
2026-04-15 08:00:00+00:00,97957.80419149224,97957.80419149224,0,0.0,0.02042195808507764
2026-04-15 16:00:00+00:00,97957.80419149224,97957.80419149224,0,0.0,0.02042195808507764
2026-04-16 00:00:00+00:00,97957.80419149224,97957.80419149224,0,0.0,0.02042195808507764
2026-04-16 08:00:00+00:00,97957.80419149224,97957.80419149224,0,0.0,0.02042195808507764
2026-04-16 16:00:00+00:00,97957.80419149224,97957.80419149224,0,0.0,0.02042195808507764
2026-04-17 00:00:00+00:00,97957.80419149224,97957.80419149224,0,0.0,0.02042195808507764
2026-04-17 08:00:00+00:00,97957.80419149224,97957.80419149224,0,0.0,0.02042195808507764
2026-04-17 16:00:00+00:00,97957.80419149224,97957.80419149224,0,0.0,0.02042195808507764
2026-04-18 00:00:00+00:00,97957.80419149224,97957.80419149224,0,0.0,0.02042195808507764
2026-04-18 08:00:00+00:00,97957.80419149224,97957.80419149224,0,0.0,0.02042195808507764
2026-04-18 16:00:00+00:00,97932.8249514234,97957.80419149224,1,14693.670628723834,0.02067175048576595
2026-04-19 00:00:00+00:00,97906.30700007976,97906.30700007976,0,0.0,0.0209369299992024
2026-04-19 08:00:00+00:00,97906.30700007976,97906.30700007976,0,0.0,0.0209369299992024
2026-04-19 16:00:00+00:00,97906.30700007976,97906.30700007976,0,0.0,0.0209369299992024
2026-04-20 00:00:00+00:00,97906.30700007976,97906.30700007976,0,0.0,0.0209369299992024
2026-04-20 08:00:00+00:00,97906.30700007976,97906.30700007976,0,0.0,0.0209369299992024
2026-04-20 16:00:00+00:00,97906.30700007976,97906.30700007976,0,0.0,0.0209369299992024
